Residuo_1,Residuo_2,Distancia_A
94,96,3.087
95,97,3.64
95,170,3.676
97,99,3.519
97,169,3.671
97,170,3.909
98,100,3.638
98,160,3.873
98,162,3.842
98,213,3.356
99,101,3.811
99,254,3.935
99,267,3.583
100,102,3.721
100,162,3.703
100,252,3.298
100,254,3.311
100,267,3.97
100,269,3.667
101,103,3.58
101,267,2.736
102,267,3.524
102,268,3.666
103,105,3.308
103,264,3.397
103,265,3.622
103,266,3.185
103,267,2.745
104,108,3.465
104,109,2.767
104,110,3.976
105,107,3.146
105,108,3.272
105,265,3.359
106,108,3.382
106,149,3.768
107,109,3.315
107,147,2.794
107,148,2.752
107,149,3.215
107,150,3.757
107,151,3.884
107,152,3.687
108,110,2.239
108,146,3.367
108,147,3.744
108,148,3.778
109,111,3.738
109,146,3.246
109,255,3.528
109,266,3.692
109,267,3.713
109,268,2.955
110,144,3.846
110,145,3.731
110,146,2.742
110,147,3.341
110,148,3.299
110,268,3.943
111,144,3.211
111,145,3.868
111,146,3.959
111,255,3.714
111,268,3.474
111,270,3.742
112,144,2.538
112,146,3.552
113,115,3.377
113,126,3.254
113,144,3.83
113,270,3.507
114,116,3.1
114,142,3.328
114,144,3.567
115,117,3.551
116,122,3.713
116,124,3.152
117,119,3.669
117,122,3.805
117,125,2.768
117,282,3.858
118,120,3.549
118,279,3.274
118,282,3.119
118,283,2.931
119,121,3.045
119,122,3.164
120,122,3.329
120,283,3.691
121,123,3.457
122,124,2.866
122,125,3.545
122,136,3.503
122,278,3.446
123,135,3.496
123,136,2.916
123,139,3.895
123,140,3.687
123,278,3.95
124,134,3.163
124,140,3.469
124,141,3.64
125,132,3.97
125,133,3.565
125,134,2.648
125,278,3.5
125,282,2.948
126,128,3.251
126,131,2.594
126,132,3.448
126,282,3.342
127,129,3.152
127,130,3.006
127,131,2.792
127,132,2.612
127,282,3.497
127,286,2.575
128,130,3.262
128,131,3.558
128,282,3.866
129,131,3.462
130,132,2.988
130,285,3.682
130,286,3.915
131,269,2.916
131,270,3.519
131,271,2.825
132,134,3.439
132,271,2.989
132,273,3.763
132,285,2.58
133,135,3.107
133,141,3.187
133,236,2.89
133,270,3.796
133,271,2.807
133,272,3.228
133,273,2.894
134,273,3.389
134,278,3.652
134,281,3.748
134,282,3.6
134,285,3.453
135,141,3.339
135,236,3.649
135,272,3.943
135,273,3.056
135,274,3.411
135,275,2.835
135,278,3.772
136,138,3.25
136,139,3.338
136,275,3.343
136,276,3.383
136,278,3.846
137,139,3.214
137,179,3.894
137,236,3.294
137,237,3.597
137,238,3.882
137,239,3.342
137,274,3.855
138,236,3.047
138,237,3.999
139,141,3.45
139,234,3.64
139,235,3.824
140,142,3.853
140,198,2.395
140,233,3.589
140,234,3.852
141,143,3.603
141,232,3.49
141,233,3.633
141,234,2.972
141,236,3.934
142,231,3.754
142,232,3.299
142,233,3.788
143,145,3.896
143,230,3.552
143,231,3.515
143,232,2.771
143,234,3.778
143,270,3.99
144,146,3.56
144,229,3.387
144,230,3.214
144,231,3.61
145,157,3.942
145,229,3.04
145,230,2.715
145,232,3.482
146,228,3.247
146,229,3.333
147,149,2.739
147,151,3.755
147,220,3.747
149,151,3.455
150,152,3.818
151,153,3.992
151,155,3.458
151,220,3.427
152,154,3.642
152,155,2.809
153,155,3.194
154,156,3.429
154,259,3.954
154,260,3.316
155,219,3.578
155,220,2.6
155,257,3.292
155,258,3.508
155,265,3.966
156,204,3.022
156,217,3.675
156,218,3.334
156,220,3.902
156,256,3.826
156,257,3.67
156,258,2.866
157,216,3.684
157,217,3.267
157,218,2.928
157,220,3.613
157,255,3.519
157,256,3.462
158,206,3.503
158,215,3.251
158,216,3.33
158,217,3.348
158,254,3.41
158,255,3.356
158,256,2.818
158,258,2.446
159,215,3.149
159,216,2.922
159,234,3.658
159,254,3.302
159,255,3.426
160,213,3.92
160,214,3.283
160,252,3.581
160,253,3.464
160,254,2.677
161,173,3.786
161,252,3.17
162,164,3.403
162,173,3.763
162,213,3.902
162,251,3.534
162,252,2.91
163,165,3.474
163,168,3.565
163,169,3.155
163,171,3.241
163,173,3.317
163,245,3.608
163,246,3.297
163,249,2.933
163,250,3.711
163,251,3.164
164,166,3.845
164,169,2.868
164,250,2.827
164,252,3.278
164,271,2.953
165,167,3.144
165,168,3.157
165,169,3.23
165,249,3.998
165,250,3.884
166,168,3.057
166,169,3.34
167,169,3.708
168,170,3.055
168,171,2.843
168,249,3.244
169,171,3.102
169,213,2.877
170,172,3.686
171,173,3.458
171,213,3.055
171,249,2.716
172,174,3.328
172,212,3.994
173,214,3.748
173,251,3.698
174,176,3.701
174,180,3.383
174,192,3.718
174,214,3.889
175,177,3.947
175,179,3.412
175,180,3.972
175,184,2.282
175,191,2.793
175,192,3.035
175,193,3.263
175,194,3.916
175,196,3.324
175,237,3.008
175,238,3.633
176,178,3.375
176,179,3.409
176,180,3.113
176,238,3.3
176,242,3.649
176,243,3.995
176,244,3.585
176,245,3.728
177,179,3.138
177,180,3.067
177,181,3.182
177,244,3.527
178,180,3.7
178,181,3.397
178,182,3.342
179,181,2.922
179,182,2.686
179,237,3.822
179,238,3.594
179,242,3.258
180,182,3.222
180,191,3.163
181,183,3.717
182,184,3.0
183,185,3.56
184,186,3.359
184,196,2.607
184,237,3.45
185,187,2.972
186,188,2.746
186,189,2.859
186,196,3.811
187,189,3.906
188,190,3.676
188,201,3.95
188,205,3.561
189,191,3.411
189,196,3.504
189,205,3.127
190,192,2.889
190,193,3.03
190,205,3.445
191,193,3.478
192,194,3.495
192,207,3.993
192,214,3.615
193,195,3.414
193,205,3.388
193,206,3.248
193,207,2.776
193,214,3.482
193,215,3.69
194,235,3.447
194,236,3.219
194,237,2.63
194,238,3.325
194,246,3.955
195,205,3.597
195,216,3.732
195,234,3.716
195,235,3.397
195,236,3.549
195,253,3.759
196,205,3.442
196,234,3.147
196,235,2.865
196,237,3.658
197,200,3.998
197,203,3.578
197,205,3.332
197,216,3.563
197,218,3.781
197,233,3.375
197,234,3.302
198,200,3.283
198,233,2.438
198,235,2.749
200,202,2.901
200,203,3.028
200,218,3.759
201,203,3.219
202,204,3.668
202,219,3.145
202,221,3.673
203,205,3.873
203,216,3.351
203,217,3.457
203,218,3.714
204,216,3.279
204,217,2.605
205,215,3.532
205,216,3.762
206,208,3.739
206,213,3.888
206,214,3.536
206,215,3.048
207,209,3.025
207,213,3.771
207,214,3.383
208,210,2.803
208,211,3.13
208,212,2.931
208,213,2.855
209,211,3.799
210,212,3.573
211,213,2.858
212,214,3.649
218,220,3.481
218,232,3.969
219,221,3.533
220,222,3.995
220,230,3.877
221,223,3.746
221,230,2.492
222,224,3.305
222,230,3.571
223,225,2.903
223,227,3.466
223,228,3.979
223,229,3.182
223,230,3.6
224,226,3.422
224,227,2.626
224,229,3.015
224,230,3.954
224,231,3.576
225,227,2.967
227,229,3.473
231,233,3.389
232,234,3.431
234,255,3.959
236,238,3.543
236,253,2.825
236,270,3.434
236,272,3.831
236,274,3.411
238,242,3.821
238,246,3.276
238,274,3.269
239,241,3.008
239,242,2.962
239,246,3.486
239,274,3.477
240,242,3.266
240,246,3.817
240,247,3.327
240,248,2.309
240,273,3.722
240,274,3.018
241,243,2.856
242,244,3.278
242,245,2.932
242,246,3.735
242,247,3.063
243,245,3.106
243,247,3.624
245,247,3.079
245,249,2.796
246,248,3.348
246,249,2.535
246,251,3.125
247,249,3.214
248,250,3.587
249,251,3.465
250,271,3.812
251,271,3.208
251,272,2.971
252,254,3.829
252,270,3.423
253,255,3.646
253,268,3.944
253,269,3.103
253,270,2.615
253,272,3.077
254,256,3.908
254,267,3.246
254,268,3.609
254,269,3.657
255,267,3.136
255,268,2.8
255,270,3.946
256,258,3.862
256,264,3.826
256,266,3.394
256,267,3.974
257,263,3.939
257,264,3.679
257,265,2.635
257,266,2.735
258,262,3.823
258,263,2.898
258,265,3.967
259,261,2.903
259,262,2.875
259,263,2.587
259,265,3.654
260,262,3.312
261,263,3.369
262,264,3.762
263,265,3.579
264,266,3.626
264,267,3.757
270,272,3.502
273,275,3.592
273,280,3.996
273,281,2.481
273,285,3.691
275,277,3.422
275,278,3.712
275,281,2.955
276,278,3.156
277,279,3.403
277,280,3.473
277,281,3.028
278,280,3.417
278,281,3.774
278,282,2.987
279,281,3.485
279,282,3.476
279,283,3.053
280,282,3.309
280,283,3.388
280,284,2.908
281,283,3.36
281,284,3.476
281,285,2.956
282,284,3.281
282,285,3.425
282,286,2.8
283,285,3.577
283,286,3.216
283,287,2.726
284,286,2.934
284,287,2.663
284,288,3.001
285,287,3.22
285,288,3.344
285,289,3.703
286,288,3.057
286,289,2.811
287,289,3.097
